{"gradients/fc.bias": {"_type": "histogram", "values": [1.0, 0.0, 0.0, 0.0, 0.0, 0.0, 0.0, 0.0, 0.0, 0.0, 0.0, 0.0, 0.0, 0.0, 0.0, 0.0, 0.0, 0.0, 0.0, 1.0, 0.0, 0.0, 0.0, 0.0, 0.0, 1.0, 1.0, 0.0, 0.0, 0.0, 0.0, 0.0, 0.0, 0.0, 1.0, 0.0, 0.0, 0.0, 0.0, 1.0, 0.0, 0.0, 0.0, 0.0, 0.0, 0.0, 0.0, 0.0, 0.0, 0.0, 0.0, 0.0, 0.0, 0.0, 0.0, 0.0, 0.0, 0.0, 1.0, 1.0, 0.0, 1.0, 0.0, 1.0], "bins": [-0.12641051411628723, -0.12315753847360611, -0.11990457028150558, -0.11665159463882446, -0.11339861899614334, -0.11014565080404282, -0.1068926751613617, -0.10363970696926117, -0.10038673132658005, -0.09713375568389893, -0.0938807874917984, -0.09062781184911728, -0.08737483620643616, -0.08412186801433563, -0.08086889237165451, -0.07761591672897339, -0.07436294853687286, -0.07110997289419174, -0.06785700470209122, -0.0646040290594101, -0.06135105714201927, -0.05809808522462845, -0.05484510958194733, -0.0515921376645565, -0.04833915829658508, -0.04508618637919426, -0.04183321073651314, -0.038580238819122314, -0.03532726690173149, -0.03207429498434067, -0.028821319341659546, -0.025568347424268723, -0.0223153755068779, -0.019062401726841927, -0.015809429809451103, -0.01255645602941513, -0.009303483180701733, -0.006050510331988335, -0.002797536551952362, 0.0004554353654384613, 0.0037084072828292847, 0.006961380131542683, 0.01021435298025608, 0.013467326760292053, 0.016720298677682877, 0.01997327245771885, 0.023226246237754822, 0.026479218155145645, 0.029732193797826767, 0.03298516571521759, 0.03623814135789871, 0.039491113275289536, 0.04274408519268036, 0.04599706083536148, 0.049250032752752304, 0.05250300467014313, 0.05575598031282425, 0.05900895223021507, 0.062261927872896194, 0.06551489979028702, 0.06876787543296814, 0.07202084362506866, 0.07527381926774979, 0.07852679491043091, 0.08177976310253143]}, "gradients/fc.weight": {"_type": "histogram", "values": [1.0, 0.0, 0.0, 1.0, 1.0, 0.0, 1.0, 1.0, 5.0, 1.0, 6.0, 5.0, 7.0, 8.0, 9.0, 12.0, 21.0, 9.0, 14.0, 20.0, 24.0, 19.0, 23.0, 40.0, 40.0, 59.0, 49.0, 54.0, 64.0, 76.0, 81.0, 93.0, 95.0, 128.0, 100.0, 114.0, 140.0, 108.0, 159.0, 150.0, 144.0, 164.0, 197.0, 183.0, 170.0, 184.0, 228.0, 350.0, 418.0, 299.0, 228.0, 153.0, 145.0, 146.0, 108.0, 88.0, 62.0, 54.0, 25.0, 20.0, 9.0, 2.0, 3.0, 2.0], "bins": [-0.49729055166244507, -0.48561611771583557, -0.47394171357154846, -0.46226727962493896, -0.45059287548065186, -0.43891844153404236, -0.42724400758743286, -0.41556960344314575, -0.40389519929885864, -0.39222076535224915, -0.38054636120796204, -0.36887192726135254, -0.35719752311706543, -0.34552308917045593, -0.33384865522384644, -0.3221742510795593, -0.31049981713294983, -0.29882538318634033, -0.2871509790420532, -0.2754765450954437, -0.2638021409511566, -0.2521277070045471, -0.24045328795909882, -0.2287788689136505, -0.21710443496704102, -0.2054300159215927, -0.1937555968761444, -0.1820811629295349, -0.1704067587852478, -0.1587323248386383, -0.14705790579319, -0.1353834867477417, -0.12370908260345459, -0.11203466355800629, -0.10036024451255798, -0.08868581801652908, -0.07701139897108078, -0.06533697992563248, -0.05366255342960358, -0.04198813438415527, -0.030313730239868164, -0.01863930933177471, -0.006964888423681259, 0.0047095343470573425, 0.016383953392505646, 0.02805837243795395, 0.03973279893398285, 0.05140721797943115, 0.06308165192604065, 0.07475607097148895, 0.08643049001693726, 0.09810491651296616, 0.10977933555841446, 0.12145375460386276, 0.13312818109989166, 0.14480260014533997, 0.15647701919078827, 0.16815143823623657, 0.17982585728168488, 0.19150027632713318, 0.20317471027374268, 0.21484911441802979, 0.22652354836463928, 0.23819796741008759, 0.2498723864555359]}, "accuracy_test": 0.1922, "loss_test": 2.338081057357788, "accuracy_train": 0.03844, "loss_train": 0.46761621147155763, "_runtime": 3921, "_timestamp": 1646345237, "_step": 4}