{"accuracy_test": 0.5163398692810458, "loss_test": 1.0437710768257091, "accuracy_train": 0.3237704918032787, "loss_train": 0.6544957981734979, "_runtime": 49, "_timestamp": 1646752701, "_step": 1}