{"accuracy_test": 0.9738562091503268, "loss_test": 0.09885459721964948, "accuracy_train": 0.6106557377049181, "loss_train": 0.06198669415822283, "_runtime": 251, "_timestamp": 1646753111, "_step": 11}