{"accuracy_test": 0.4575163398692811, "loss_test": 0.7174042237350364, "accuracy_train": 0.2868852459016394, "loss_train": 0.4498477304568056, "_runtime": 115, "_timestamp": 1646751955, "_step": 4}