{"accuracy": 0.9477124183006536, "loss": 0.16493912693721796, "_runtime": 301, "_timestamp": 1645700357, "_step": 29}