{"accuracy_test": 0.47058823529411764, "loss_test": 0.7341766684663062, "accuracy_train": 0.29508196721311475, "loss_train": 0.4603648781776428, "_runtime": 56, "_timestamp": 1646749677, "_step": 7}