{"gradients/fc.bias": {"_type": "histogram", "values": [1.0, 0.0, 0.0, 0.0, 0.0, 0.0, 0.0, 1.0, 0.0, 0.0, 0.0, 0.0, 0.0, 0.0, 0.0, 0.0, 0.0, 0.0, 0.0, 0.0, 0.0, 0.0, 0.0, 0.0, 1.0, 0.0, 0.0, 0.0, 0.0, 0.0, 1.0, 1.0, 0.0, 0.0, 1.0, 0.0, 0.0, 1.0, 0.0, 0.0, 0.0, 0.0, 1.0, 0.0, 0.0, 0.0, 0.0, 0.0, 0.0, 0.0, 0.0, 1.0, 0.0, 0.0, 0.0, 0.0, 0.0, 0.0, 0.0, 0.0, 0.0, 0.0, 0.0, 1.0], "bins": [-0.07148531079292297, -0.06927066296339035, -0.06705601513385773, -0.0648413598537445, -0.06262671202421188, -0.06041206419467926, -0.05819741263985634, -0.05598276108503342, -0.05376811325550079, -0.05155346542596817, -0.04933881387114525, -0.04712416231632233, -0.0449095144867897, -0.04269486665725708, -0.04048021510243416, -0.03826556354761124, -0.03605091571807861, -0.03383626788854599, -0.03162161633372307, -0.029406966641545296, -0.027192316949367523, -0.02497766725718975, -0.022763017565011978, -0.020548367872834206, -0.018333718180656433, -0.01611906848847866, -0.013904418796300888, -0.011689769104123116, -0.009475119411945343, -0.0072604697197675705, -0.005045820027589798, -0.0028311703354120255, -0.0006165206432342529, 0.0015981290489435196, 0.003812778741121292, 0.006027428433299065, 0.008242078125476837, 0.01045672781765461, 0.012671377509832382, 0.014886027202010155, 0.017100676894187927, 0.0193153265863657, 0.021529976278543472, 0.023744625970721245, 0.025959275662899017, 0.02817392535507679, 0.030388575047254562, 0.032603226602077484, 0.03481787443161011, 0.03703252226114273, 0.03924717381596565, 0.041461825370788574, 0.0436764732003212, 0.04589112102985382, 0.04810577258467674, 0.050320424139499664, 0.05253507196903229, 0.05474971979856491, 0.05696437135338783, 0.059179022908210754, 0.06139367073774338, 0.063608318567276, 0.06582297384738922, 0.06803762167692184, 0.07025226950645447]}, "gradients/fc.weight": {"_type": "histogram", "values": [2.0, 2.0, 2.0, 1.0, 1.0, 2.0, 2.0, 7.0, 9.0, 6.0, 11.0, 14.0, 11.0, 13.0, 21.0, 21.0, 23.0, 16.0, 31.0, 28.0, 36.0, 32.0, 58.0, 61.0, 61.0, 83.0, 69.0, 76.0, 92.0, 96.0, 98.0, 121.0, 124.0, 162.0, 185.0, 174.0, 185.0, 208.0, 238.0, 228.0, 246.0, 231.0, 245.0, 182.0, 187.0, 161.0, 147.0, 137.0, 159.0, 176.0, 180.0, 155.0, 105.0, 87.0, 50.0, 30.0, 16.0, 6.0, 4.0, 3.0, 0.0, 2.0, 0.0, 1.0], "bins": [-0.17793171107769012, -0.173345685005188, -0.16875965893268585, -0.16417363286018372, -0.15958760678768158, -0.15500158071517944, -0.1504155546426773, -0.14582952857017517, -0.14124351739883423, -0.1366574913263321, -0.13207146525382996, -0.12748543918132782, -0.12289941310882568, -0.11831338703632355, -0.11372736841440201, -0.10914134234189987, -0.10455530881881714, -0.099969282746315, -0.09538325667381287, -0.09079723060131073, -0.0862112045288086, -0.08162517845630646, -0.07703915983438492, -0.07245313376188278, -0.06786710768938065, -0.06328108161687851, -0.05869505554437637, -0.054109033197164536, -0.0495230071246624, -0.04493698105216026, -0.040350958704948425, -0.03576493263244629, -0.03117891401052475, -0.026592887938022614, -0.022006863728165627, -0.01742083951830864, -0.012834813445806503, -0.008248787373304367, -0.00366276316344738, 0.0009232610464096069, 0.005509287118911743, 0.010095312260091305, 0.014681337401270866, 0.019267361611127853, 0.02385338768362999, 0.028439413756132126, 0.033025436103343964, 0.0376114621758461, 0.042197488248348236, 0.04678351432085037, 0.05136954039335251, 0.055955562740564346, 0.06054158881306648, 0.06512761116027832, 0.06971363723278046, 0.07429966330528259, 0.07888568937778473, 0.08347171545028687, 0.088057741522789, 0.09264376759529114, 0.09722979366779327, 0.10181581974029541, 0.10640183836221695, 0.11098786443471909, 0.11557389050722122]}, "_runtime": 2613, "_timestamp": 1645739180, "_step": 0}