{"accuracy_test": 0.6013071895424836, "loss_test": 0.6967499332100737, "accuracy_train": 0.3770491803278689, "loss_train": 0.4368964745128741, "_runtime": 54, "_timestamp": 1646743804, "_step": 9}