{"accuracy": 0.9426229508196722, "loss": 0.2091957413759388, "_runtime": 459, "_timestamp": 1645700842, "_step": 44, "_wandb": {"runtime": 457}}