{"accuracy_test": 0.8562091503267975, "loss_test": 0.6224614705135619, "accuracy_train": 0.5368852459016393, "loss_train": 0.39031395487120896, "_runtime": 46, "_timestamp": 1646746342, "_step": 1}