{"gradients/fc.bias": {"_type": "histogram", "values": [1.0, 0.0, 0.0, 0.0, 0.0, 0.0, 0.0, 0.0, 0.0, 0.0, 0.0, 0.0, 0.0, 0.0, 0.0, 0.0, 0.0, 0.0, 0.0, 0.0, 3.0, 1.0, 0.0, 0.0, 0.0, 0.0, 1.0, 0.0, 0.0, 0.0, 0.0, 1.0, 0.0, 0.0, 0.0, 0.0, 1.0, 0.0, 0.0, 0.0, 0.0, 0.0, 0.0, 0.0, 0.0, 0.0, 0.0, 0.0, 0.0, 0.0, 0.0, 0.0, 0.0, 0.0, 0.0, 0.0, 0.0, 0.0, 1.0, 0.0, 0.0, 0.0, 0.0, 1.0], "bins": [-0.0968637764453888, -0.09365443885326385, -0.09044509381055832, -0.08723575621843338, -0.08402641862630844, -0.0808170735836029, -0.07760773599147797, -0.07439839839935303, -0.07118905335664749, -0.06797971576452255, -0.06477037072181702, -0.06156103312969208, -0.05835169181227684, -0.0551423504948616, -0.051933012902736664, -0.048723671585321426, -0.04551433399319649, -0.04230499267578125, -0.03909565508365631, -0.035886313766241074, -0.032676972448825836, -0.029467632994055748, -0.02625829353928566, -0.023048952221870422, -0.019839614629745483, -0.016630275174975395, -0.013420933857560158, -0.01021159440279007, -0.007002254016697407, -0.003792913630604744, -0.0005835741758346558, 0.0026257671415805817, 0.005835108458995819, 0.009044448845088482, 0.012253789231181145, 0.015463128685951233, 0.01867247000336647, 0.02188180945813656, 0.025091148912906647, 0.028300490230321884, 0.03150983154773712, 0.03471917286515236, 0.0379285104572773, 0.041137851774692535, 0.04434719309210777, 0.04755653440952301, 0.05076587200164795, 0.05397521331906319, 0.057184550911188126, 0.06039389222860336, 0.0636032298207283, 0.06681257486343384, 0.07002191245555878, 0.07323125004768372, 0.07644058763980865, 0.07964993268251419, 0.08285927027463913, 0.08606860786676407, 0.0892779529094696, 0.09248729050159454, 0.09569662809371948, 0.09890597313642502, 0.10211531072854996, 0.1053246557712555, 0.10853399336338043]}, "gradients/fc.weight": {"_type": "histogram", "values": [4.0, 0.0, 7.0, 5.0, 3.0, 6.0, 4.0, 11.0, 7.0, 15.0, 12.0, 15.0, 18.0, 22.0, 27.0, 37.0, 46.0, 35.0, 54.0, 59.0, 78.0, 82.0, 114.0, 129.0, 141.0, 149.0, 170.0, 178.0, 205.0, 256.0, 245.0, 313.0, 345.0, 376.0, 390.0, 439.0, 451.0, 461.0, 532.0, 585.0, 631.0, 605.0, 650.0, 692.0, 670.0, 692.0, 699.0, 640.0, 662.0, 665.0, 667.0, 1016.0, 1302.0, 1411.0, 1284.0, 924.0, 572.0, 329.0, 188.0, 77.0, 47.0, 21.0, 7.0, 3.0], "bins": [-0.47372573614120483, -0.46309372782707214, -0.45246168971061707, -0.4418296813964844, -0.4311976432800293, -0.4205656349658966, -0.4099336266517639, -0.39930158853530884, -0.38866958022117615, -0.37803757190704346, -0.3674055337905884, -0.3567735254764557, -0.3461414873600006, -0.3355094790458679, -0.32487744092941284, -0.31424543261528015, -0.30361342430114746, -0.29298141598701477, -0.2823493778705597, -0.271717369556427, -0.2610853314399719, -0.25045332312583923, -0.23982129991054535, -0.22918927669525146, -0.2185572385787964, -0.2079252153635025, -0.19729319214820862, -0.18666118383407593, -0.17602916061878204, -0.16539713740348816, -0.15476511418819427, -0.1441330909729004, -0.1335010826587677, -0.12286905944347382, -0.11223704367876053, -0.10160502046346664, -0.09097300469875336, -0.08034098148345947, -0.06970895826816559, -0.0590769425034523, -0.048444926738739014, -0.03781290724873543, -0.027180885896086693, -0.016548864543437958, -0.005916845053434372, 0.004715174436569214, 0.015347197651863098, 0.025979213416576385, 0.03661124408245087, 0.04724326357245445, 0.05787528306245804, 0.06850730627775192, 0.07913932204246521, 0.0897713452577591, 0.10040336847305298, 0.11103538423776627, 0.12166740745306015, 0.13229942321777344, 0.14293144643306732, 0.1535634696483612, 0.1641954928636551, 0.17482751607894897, 0.18545952439308167, 0.19609154760837555, 0.20672357082366943]}, "accuracy_test": 0.1316, "loss_test": 2.5439926912307738, "accuracy_train": 0.026320000000000003, "loss_train": 0.5087985382461547, "_runtime": 3484, "_timestamp": 1646332742, "_step": 9, "_wandb": {"runtime": 3510}}