{"accuracy_test": 0.954248366013072, "loss_test": 0.17358032355900682, "accuracy_train": 0.5983606557377049, "loss_train": 0.1088433996087215, "_runtime": 211, "_timestamp": 1645703604, "_step": 19, "_wandb": {"runtime": 207}}