{"accuracy_test": 0.5882352941176471, "loss_test": 4.606304406141254, "accuracy_train": 0.36885245901639346, "loss_train": 2.8883794022115237, "_runtime": 18, "_timestamp": 1646749947, "_step": 0}