{"accuracy_test": 0.43137254901960786, "loss_test": 0.9127485066457511, "accuracy_train": 0.27049180327868855, "loss_train": 0.5723382029377047, "_runtime": 143, "_timestamp": 1646752417, "_step": 6}