{"accuracy_test": 0.9477124183006536, "loss_test": 0.1991831839474198, "accuracy_train": 0.5942622950819673, "loss_train": 0.12489765222932471, "_runtime": 215, "_timestamp": 1645726681, "_step": 9, "_wandb": {"runtime": 212}}