{"accuracy_test": 0.5163398692810458, "loss_test": 1.9753012127346463, "accuracy_train": 0.3237704918032787, "loss_train": 1.2386110063459053, "_runtime": 135, "_timestamp": 1645716763, "_step": 1}