{"accuracy_test": 0.9803921568627452, "loss_test": 0.05007554853663725, "accuracy_train": 0.6147540983606558, "loss_train": 0.0313998316643668, "_runtime": 219, "_timestamp": 1646746102, "_step": 11}