{"accuracy": 0.9477124183006536, "loss": 0.15724817902044533, "_runtime": 342, "_timestamp": 1645701395, "_step": 31}