{"accuracy_test": 0.9738562091503268, "loss_test": 0.13655044557222354, "accuracy_train": 0.610655737704918, "loss_train": 0.08562384496946804, "_runtime": 822, "_timestamp": 1645720007, "_step": 6}