{"accuracy": 0.8647540983606558, "loss": 0.339452933581149, "_runtime": 77, "_timestamp": 1645701529, "_step": 4}