{"gradients/fc.bias": {"_type": "histogram", "values": [2.0, 0.0, 0.0, 0.0, 0.0, 0.0, 0.0, 0.0, 0.0, 0.0, 0.0, 0.0, 0.0, 0.0, 0.0, 0.0, 0.0, 0.0, 1.0, 0.0, 0.0, 1.0, 0.0, 0.0, 0.0, 0.0, 1.0, 0.0, 0.0, 1.0, 0.0, 0.0, 0.0, 0.0, 0.0, 1.0, 0.0, 0.0, 0.0, 0.0, 0.0, 0.0, 0.0, 0.0, 0.0, 1.0, 0.0, 0.0, 0.0, 0.0, 0.0, 0.0, 0.0, 0.0, 0.0, 0.0, 0.0, 1.0, 0.0, 0.0, 0.0, 0.0, 0.0, 1.0], "bins": [-0.07374462485313416, -0.07126780599355698, -0.0687909945845604, -0.06631417572498322, -0.06383735686540604, -0.061360541731119156, -0.058883726596832275, -0.056406907737255096, -0.053930092602968216, -0.051453277468681335, -0.048976458609104156, -0.046499643474817276, -0.044022828340530396, -0.04154600948095322, -0.039069194346666336, -0.036592379212379456, -0.03411556035280228, -0.031638745218515396, -0.029161926358938217, -0.026685111224651337, -0.024208294227719307, -0.021731477230787277, -0.019254662096500397, -0.016777845099568367, -0.014301028102636337, -0.011824211105704308, -0.009347395040094852, -0.00687057850882411, -0.004393761977553368, -0.0019169449806213379, 0.0005598710849881172, 0.0030366871505975723, 0.005513511598110199, 0.007990328595042229, 0.010467144660651684, 0.012943960726261139, 0.015420777723193169, 0.0178975947201252, 0.02037440985441208, 0.02285122685134411, 0.02532804384827614, 0.027804860845208168, 0.030281677842140198, 0.03275849297642708, 0.03523530811071396, 0.03771212697029114, 0.04018894210457802, 0.0426657572388649, 0.04514257609844208, 0.04761939123272896, 0.05009621009230614, 0.05257302522659302, 0.0550498440861702, 0.05752665922045708, 0.06000347435474396, 0.062480293214321136, 0.06495711207389832, 0.0674339309334755, 0.06991074234247208, 0.07238756120204926, 0.07486438006162643, 0.07734119892120361, 0.0798180103302002, 0.08229482918977737, 0.08477164059877396]}, "gradients/fc.weight": {"_type": "histogram", "values": [1.0, 0.0, 1.0, 0.0, 0.0, 1.0, 1.0, 0.0, 0.0, 4.0, 0.0, 1.0, 1.0, 3.0, 7.0, 4.0, 10.0, 7.0, 9.0, 6.0, 9.0, 10.0, 21.0, 28.0, 24.0, 39.0, 52.0, 58.0, 73.0, 85.0, 111.0, 108.0, 133.0, 144.0, 199.0, 253.0, 264.0, 272.0, 335.0, 427.0, 505.0, 530.0, 588.0, 673.0, 800.0, 904.0, 868.0, 958.0, 1035.0, 1055.0, 1084.0, 1241.0, 1533.0, 1574.0, 1402.0, 1089.0, 821.0, 535.0, 302.0, 167.0, 75.0, 29.0, 9.0, 2.0], "bins": [-0.6722309589385986, -0.6582765579223633, -0.6443220973014832, -0.6303676962852478, -0.6164132952690125, -0.6024588346481323, -0.588504433631897, -0.5745500326156616, -0.5605956315994263, -0.5466412305831909, -0.5326867699623108, -0.5187323689460754, -0.5047779679298401, -0.49082353711128235, -0.4768691062927246, -0.46291470527648926, -0.44896024465560913, -0.4350058138370514, -0.42105141282081604, -0.4070969820022583, -0.39314258098602295, -0.3791881501674652, -0.36523371934890747, -0.3512793183326721, -0.3373248875141144, -0.32337045669555664, -0.3094160556793213, -0.29546162486076355, -0.2815071940422058, -0.26755279302597046, -0.2535983622074127, -0.23964394629001617, -0.22568950057029724, -0.2117350846529007, -0.19778066873550415, -0.1838262379169464, -0.16987182199954987, -0.15591740608215332, -0.14196297526359558, -0.12800855934619904, -0.11405414342880249, -0.10009972751140594, -0.0861453041434288, -0.07219088077545166, -0.058236464858055115, -0.04428204894065857, -0.030327625572681427, -0.016373202204704285, -0.0024187862873077393, 0.011535633355379105, 0.02549005299806595, 0.03944447264075279, 0.053398892283439636, 0.06735330820083618, 0.08130773156881332, 0.09526215493679047, 0.10921657085418701, 0.12317098677158356, 0.1371254026889801, 0.15107983350753784, 0.1650342494249344, 0.17898866534233093, 0.19294309616088867, 0.20689751207828522, 0.22085192799568176]}, "accuracy_test": 0.16390000000000002, "loss_test": 2.3812667909622194, "accuracy_train": 0.032780000000000004, "loss_train": 0.47625335819244385, "_runtime": 2877, "_timestamp": 1646328299, "_step": 9, "_wandb": {"runtime": 2871}}