{"accuracy": 0.7991803278688525, "loss": 0.46799598093770567, "_runtime": 207, "_timestamp": 1645700025, "_step": 10}