{"gradients/fc.bias": {"_type": "histogram", "values": [1.0, 0.0, 0.0, 0.0, 0.0, 0.0, 0.0, 0.0, 0.0, 0.0, 0.0, 0.0, 0.0, 0.0, 0.0, 0.0, 0.0, 0.0, 0.0, 0.0, 0.0, 0.0, 0.0, 0.0, 1.0, 0.0, 0.0, 0.0, 0.0, 0.0, 0.0, 0.0, 0.0, 1.0, 0.0, 0.0, 0.0, 0.0, 0.0, 1.0, 0.0, 0.0, 0.0, 0.0, 0.0, 0.0, 0.0, 0.0, 0.0, 1.0, 0.0, 0.0, 0.0, 1.0, 0.0, 0.0, 0.0, 1.0, 0.0, 1.0, 0.0, 1.0, 0.0, 1.0], "bins": [-0.26637277007102966, -0.2603602409362793, -0.2543477416038513, -0.24833521246910095, -0.24232268333435059, -0.2363101691007614, -0.23029763996601105, -0.22428512573242188, -0.2182725965976715, -0.21226008236408234, -0.20624755322933197, -0.2002350389957428, -0.19422250986099243, -0.18820999562740326, -0.1821974664926529, -0.17618495225906372, -0.17017242312431335, -0.16415990889072418, -0.15814737975597382, -0.15213486552238464, -0.14612233638763428, -0.1401098221540451, -0.13409729301929474, -0.12808477878570557, -0.1220722645521164, -0.11605974286794662, -0.11004722118377686, -0.10403469949960709, -0.09802217781543732, -0.09200965613126755, -0.08599713444709778, -0.0799846202135086, -0.07397209107875824, -0.06795956939458847, -0.0619470477104187, -0.05593452602624893, -0.04992200434207916, -0.04390948265790939, -0.03789696469902992, -0.03188444301486015, -0.025871917605400085, -0.019859395921230316, -0.013846875168383121, -0.007834354415535927, -0.0018218327313661575, 0.004190688952803612, 0.010203208774328232, 0.016215730458498, 0.022228248417377472, 0.02824077010154724, 0.03425329178571701, 0.04026581346988678, 0.04627833515405655, 0.05229085683822632, 0.05830337479710579, 0.06431590020656586, 0.07032841444015503, 0.0763409361243248, 0.08235345780849457, 0.08836597949266434, 0.0943785011768341, 0.10039102286100388, 0.10640354454517365, 0.11241605877876282, 0.11842858791351318]}, "gradients/fc.weight": {"_type": "histogram", "values": [1.0, 0.0, 0.0, 1.0, 0.0, 1.0, 2.0, 1.0, 1.0, 3.0, 6.0, 4.0, 5.0, 9.0, 9.0, 6.0, 10.0, 10.0, 10.0, 17.0, 16.0, 12.0, 14.0, 26.0, 26.0, 27.0, 24.0, 21.0, 38.0, 28.0, 30.0, 34.0, 32.0, 41.0, 60.0, 58.0, 60.0, 79.0, 72.0, 82.0, 104.0, 111.0, 136.0, 119.0, 143.0, 144.0, 126.0, 164.0, 140.0, 231.0, 439.0, 695.0, 640.0, 471.0, 271.0, 124.0, 87.0, 38.0, 24.0, 22.0, 3.0, 8.0, 2.0, 2.0], "bins": [-0.6483958959579468, -0.634610116481781, -0.6208243370056152, -0.6070385575294495, -0.5932527780532837, -0.5794670581817627, -0.5656812191009521, -0.5518954992294312, -0.5381097197532654, -0.5243239402770996, -0.5105381608009338, -0.49675238132476807, -0.4829666316509247, -0.4691808521747589, -0.45539507269859314, -0.44160929322242737, -0.4278235137462616, -0.4140377342700958, -0.40025195479393005, -0.38646620512008667, -0.3726804256439209, -0.3588946461677551, -0.34510886669158936, -0.3313230872154236, -0.3175373077392578, -0.30375152826309204, -0.28996574878692627, -0.2761799693107605, -0.2623942196369171, -0.24860844016075134, -0.23482266068458557, -0.2210368812084198, -0.20725111663341522, -0.19346533715724945, -0.17967957258224487, -0.1658937931060791, -0.15210801362991333, -0.13832224905490875, -0.12453646957874298, -0.1107506975531578, -0.09696494042873383, -0.08317916840314865, -0.06939339637756348, -0.055607616901397705, -0.04182184487581253, -0.028036072850227356, -0.014250293374061584, -0.0004645213484764099, 0.013321265578269958, 0.027107039466500282, 0.040892813354730606, 0.05467858910560608, 0.06846436113119125, 0.08225013315677643, 0.0960359126329422, 0.10982168465852737, 0.12360745668411255, 0.13739323616027832, 0.1511790007352829, 0.16496478021144867, 0.17875054478645325, 0.19253632426261902, 0.2063221037387848, 0.22010788321495056, 0.23389364778995514]}, "accuracy_test": 0.2896, "loss_test": 1.9618267265319824, "accuracy_train": 0.057920000000000006, "loss_train": 0.3923653453063965, "_runtime": 3616, "_timestamp": 1646324033, "_step": 9, "_wandb": {"runtime": 3609}}