{"accuracy_test": 0.5620915032679739, "loss_test": 0.7136825112735524, "accuracy_train": 0.3524590163934426, "loss_train": 0.447514033708416, "_runtime": 140, "_timestamp": 1646751799, "_step": 2}