{"accuracy_test": 0.9738562091503268, "loss_test": 0.3989783330680498, "accuracy_train": 0.6106557377049181, "loss_train": 0.25017903671890007, "_runtime": 245, "_timestamp": 1646752248, "_step": 12}