{"accuracy": 0.954248366013072, "loss": 0.17087888588909717, "_runtime": 196, "_timestamp": 1645702454, "_step": 19, "_wandb": {"runtime": 192}}